ax,ay,az,gx,gy,gz,label
-0.837,0.689,0.027,-80.627,19.653,7.996,2
-0.842,0.725,0.053,-114.685,23.376,6.653,2
-0.862,0.796,0.093,-106.750,28.687,4.578,2
-0.862,0.811,0.113,-54.749,35.645,2.319,2
-0.845,0.736,0.070,-49.500,42.725,-1.038,2
-0.803,0.708,0.063,-83.801,50.110,-5.920,2
-0.826,0.728,0.128,-119.873,59.692,-12.573,2
-0.809,0.750,0.182,-133.545,66.284,-19.409,2
-0.810,0.781,0.214,-88.501,72.815,-25.757,2
-0.774,0.775,0.219,-44.922,77.393,-29.114,2
-0.813,0.734,0.193,-57.556,82.153,-34.851,2
-0.816,0.699,0.156,-102.844,85.388,-41.382,2
-0.850,0.811,0.207,-135.437,88.989,-50.049,2
-0.825,0.896,0.268,-108.643,91.125,-58.167,2
-0.801,0.889,0.269,-62.683,92.957,-64.148,2
-0.793,0.884,0.255,-35.889,94.177,-67.566,2
-0.850,0.861,0.263,-32.715,95.886,-71.838,2
-0.820,0.882,0.265,-46.997,97.107,-78.491,2
-0.856,0.926,0.268,-54.993,97.900,-85.937,2
-0.988,1.002,0.307,-45.044,98.694,-95.154,2
-0.921,1.017,0.347,-18.555,99.854,-104.065,2
-0.853,0.961,0.351,-19.714,101.624,-113.647,2
-0.811,0.889,0.293,-67.017,102.417,-123.169,2
-0.783,0.888,0.286,-128.662,101.257,-134.155,2
-0.802,0.939,0.317,-143.127,96.985,-143.188,2
-0.799,0.962,0.360,-109.314,89.294,-150.391,2
-0.811,0.979,0.385,-41.138,79.651,-152.222,2
-0.718,0.936,0.335,0.793,71.533,-149.963,2
-0.662,0.958,0.343,5.859,62.622,-145.508,2
-0.657,1.018,0.354,44.373,56.335,-137.390,2
-0.596,1.005,0.370,77.881,52.063,-125.183,2
-0.481,1.028,0.366,106.262,48.584,-109.741,2
-0.445,1.015,0.369,122.314,44.189,-95.276,2
-0.429,0.989,0.369,120.972,38.818,-83.008,2
-0.445,0.970,0.361,126.648,34.729,-74.524,2
-0.413,0.889,0.339,125.854,33.997,-69.946,2
-0.460,0.854,0.310,123.901,36.682,-67.322,2
-0.406,0.820,0.286,116.577,41.199,-64.819,2
-0.261,0.796,0.305,96.680,45.166,-60.364,2
-0.110,0.781,0.324,70.557,47.729,-54.565,2
-0.057,0.796,0.334,58.350,49.377,-48.523,2
-0.075,0.795,0.319,46.692,51.392,-41.443,2
0.146,2.269,2.153,12.329,61.035,-28.137,2
-0.079,1.772,0.460,10.620,66.895,-26.489,2
-0.249,1.615,-0.600,-37.109,70.557,-26.123,2
0.303,0.924,0.143,-57.495,74.280,-23.376,2
-0.028,0.583,0.080,-71.716,74.097,-21.545,2
0.063,0.527,0.015,-50.598,74.341,-19.165,2
0.028,0.583,0.072,-23.987,72.144,-17.456,2
-0.014,0.633,0.145,19.653,69.397,-15.564,2
0.025,0.677,0.230,56.946,66.528,-14.526,2
0.040,0.644,0.266,54.260,64.148,-14.099,2
-0.007,0.668,0.263,12.695,62.073,-16.235,2
-0.011,0.724,0.244,-13.123,61.523,-19.897,2
-0.001,0.777,0.258,-23.254,60.425,-23.682,2
0.054,0.837,0.290,-8.728,58.044,-24.963,2
0.112,0.857,0.336,27.100,55.725,-23.682,2
0.130,0.818,0.358,34.851,53.894,-22.583,2
0.160,0.796,0.374,20.996,53.284,-22.095,2
0.176,0.795,0.372,7.141,52.612,-22.095,2
0.147,0.825,0.381,7.507,51.453,-21.790,2
0.092,0.840,0.392,21.057,50.476,-21.423,2
0.122,0.832,0.405,26.001,49.194,-21.301,2
0.218,0.845,0.413,26.489,47.363,-20.203,2
0.278,0.849,0.406,12.695,46.875,-18.677,2
0.315,0.868,0.407,-2.869,46.448,-17.639,2
0.330,0.883,0.399,-2.014,47.729,-16.357,2
0.368,0.896,0.405,6.714,48.767,-12.756,2
0.428,0.904,0.409,6.775,48.889,-7.385,2
0.485,0.894,0.414,3.845,49.622,-2.747,2
0.519,0.880,0.412,16.357,51.025,1.648,2
0.506,0.858,0.397,39.246,53.223,4.333,2
0.462,0.836,0.371,51.575,56.458,5.066,2
0.419,0.846,0.384,39.307,61.707,3.784,2
0.413,0.909,0.457,7.385,67.688,1.160,2
0.414,1.052,0.582,24.353,73.669,-3.174,2
0.452,1.133,0.676,60.669,78.918,-9.949,2
0.471,1.190,0.762,59.875,84.167,-18.005,2
0.422,1.280,0.880,37.598,90.698,-29.480,2
0.398,1.403,1.031,50.720,98.694,-42.297,2
0.350,1.419,1.049,105.957,109.558,-54.932,2
0.347,1.232,0.915,96.130,122.620,-65.369,2
0.345,1.064,0.792,85.876,136.047,-73.242,2
0.368,0.791,0.631,84.351,150.269,-78.003,2
0.407,0.514,0.488,60.608,159.607,-78.735,2
0.310,0.339,0.398,-1.404,167.541,-78.552,2
0.140,0.358,0.365,-18.860,173.889,-77.576,2
-0.046,0.361,0.301,-3.174,181.396,-73.486,2
-0.364,0.387,0.163,13.062,191.589,-65.186,2
-0.341,1.080,0.059,11.902,206.116,-59.082,2
-0.332,0.138,-0.276,-4.028,217.468,-47.607,2
-0.775,0.533,-0.257,-22.461,226.929,-31.616,2
-1.004,0.308,-0.628,-89.416,239.563,-17.761,2
-1.282,0.067,-1.337,-263.489,255.920,-9.033,2
-1.510,0.152,-1.524,-296.021,265.503,3.540,2
-1.429,0.119,-1.589,-203.491,253.540,31.677,2
-1.219,-0.001,-1.888,-130.432,219.238,74.707,2
-1.316,-0.249,-2.303,-80.688,167.908,124.695,2
-1.263,-0.319,-2.550,-56.091,95.276,182.922,2
-1.581,-0.310,-2.548,39.001,6.042,241.760,2
-2.019,-0.232,-2.543,98.511,-96.802,293.091,2
-2.346,0.097,-2.347,135.254,-198.669,330.933,2
-2.809,0.337,-2.088,152.893,-311.523,356.262,2
-3.505,0.485,-1.795,153.809,-413.086,366.760,2
-4.216,0.489,-1.356,200.806,-513.855,365.723,2
-5.084,0.333,-1.027,234.558,-612.183,348.328,2
-6.025,0.341,-0.487,308.289,-706.970,315.796,2
-6.594,0.255,-0.105,369.263,-787.781,270.386,2
-7.031,0.436,0.741,351.318,-852.661,222.473,2
-6.490,1.240,2.822,337.707,-902.344,189.514,2
-3.054,0.546,3.696,414.978,-755.981,173.462,2
-4.126,2.771,7.019,561.096,-770.203,87.158,2
-4.257,0.790,8.000,369.202,-649.780,-14.160,2
-4.318,-0.466,8.000,214.233,-522.827,-73.120,2
-3.331,-0.748,8.000,110.779,-393.555,-99.854,2
-2.557,-0.464,8.000,155.029,-276.184,-106.384,2
-1.948,-0.382,6.414,223.816,-181.091,-113.220,2
-1.352,-0.553,5.173,169.983,-108.398,-115.234,2
-0.983,-0.401,3.412,108.826,-54.504,-108.459,2
-0.709,-0.249,2.367,73.181,-20.447,-98.633,2
-0.513,-0.093,1.418,1.221,-0.427,-92.041,2
-0.454,0.102,0.882,-59.998,7.568,-86.060,2
-0.479,0.298,0.607,-52.185,11.536,-76.599,2
-0.419,0.347,0.388,-14.954,13.977,-64.392,2
-0.378,0.354,0.191,16.846,13.062,-54.443,2
-0.359,0.269,0.184,18.738,7.996,-47.974,2
-0.243,0.251,0.237,-46.631,-1.221,-42.297,2
-0.128,0.295,0.381,-124.573,-12.451,-35.828,2
-0.152,0.490,0.550,-124.268,-22.278,-25.024,2
-0.172,0.609,0.681,-41.565,-29.053,-12.390,2
-0.241,0.679,0.649,72.144,-33.203,-1.526,2
-0.270,0.651,0.525,140.198,-36.499,5.432,2
-0.358,0.594,0.370,145.325,-38.025,7.568,2
-0.244,0.485,0.250,74.646,-37.659,5.798,2
-0.137,0.507,0.222,-40.466,-35.278,3.540,2
0.015,0.653,0.288,-112.427,-29.785,5.310,2
0.028,0.867,0.424,-133.545,-23.193,9.216,2
-0.095,1.149,0.554,-42.725,-16.174,13.672,2
-0.103,1.161,0.544,54.016,-12.024,15.320,2
-0.070,1.083,0.454,80.994,-11.108,15.198,2
-0.058,1.036,0.377,65.002,-10.376,15.564,2
-0.063,0.999,0.343,44.556,-9.277,17.151,2
-0.087,0.926,0.318,31.799,-8.179,16.663,2
-0.218,0.858,0.292,29.968,-7.996,13.733,2
-0.246,0.925,0.235,53.345,-7.202,10.193,2
-0.238,0.879,0.208,66.711,-5.981,7.019,2
-0.414,0.831,0.189,58.594,-3.906,3.418,2
-0.402,0.811,0.197,35.400,-1.343,0.671,2
-0.322,0.800,0.252,0.244,-1.526,-0.183,2
-0.256,0.804,0.301,-39.185,-2.075,-0.977,2
-0.229,0.833,0.324,-48.828,-0.549,-2.258,2
-0.273,0.837,0.346,-21.545,5.615,-4.517,2
-0.522,0.836,0.344,15.930,11.169,-6.042,2
-0.701,0.820,0.316,12.146,13.611,-4.761,2
-0.647,0.819,0.348,-37.048,11.353,1.404,2
-0.519,0.799,0.384,-76.477,6.470,8.118,2
-0.596,0.812,0.417,-94.055,0.427,13.611,2
-0.673,0.836,0.425,-68.054,-3.479,17.395,2
-0.689,0.854,0.425,-22.583,-7.385,20.142,2
-0.675,0.842,0.407,19.409,-11.047,22.827,2
-0.575,0.807,0.376,41.565,-14.282,25.574,2
-0.460,0.766,0.348,42.542,-16.785,28.259,2
-0.329,0.736,0.316,32.532,-17.578,29.968,2
-0.274,0.754,0.295,35.767,-14.954,32.166,2
-0.339,0.748,0.270,34.668,-9.888,33.325,2
-0.466,0.721,0.252,26.001,-3.845,31.921,2
-0.586,0.697,0.261,4.700,1.587,28.870,2
-0.578,0.691,0.260,-30.396,5.066,26.611,2
-0.546,0.699,0.292,-71.228,6.531,26.245,2
-0.568,0.752,0.310,-85.815,6.836,28.564,2
-0.609,0.816,0.348,-65.430,5.676,32.959,2
-0.578,0.844,0.355,-21.912,4.211,37.659,2
-0.563,0.833,0.323,23.499,3.052,42.236,2
-0.560,0.783,0.281,36.682,2.563,44.739,2
-0.582,0.742,0.255,16.724,3.174,44.678,2
-0.605,0.728,0.248,-9.766,4.761,43.762,2
-0.657,0.745,0.241,-23.315,7.507,42.847,2
-0.657,0.764,0.247,-16.235,10.559,42.664,2
-0.645,0.763,0.241,11.902,13.245,42.969,2
-0.658,0.718,0.222,36.682,15.259,42.908,2
-0.652,0.656,0.200,30.945,16.968,41.626,2
-0.656,0.626,0.178,10.498,18.311,40.344,2
-0.690,0.607,0.184,-16.663,19.226,39.978,2
-0.714,0.613,0.202,-33.264,20.020,39.673,2
-0.741,0.616,0.227,-31.250,20.264,39.978,2
-0.770,0.613,0.224,-18.677,20.264,40.466,2
-0.760,0.584,0.203,-18.738,20.508,41.809,2
-0.730,0.544,0.184,-41.504,21.118,43.396,2
-0.696,0.544,0.180,-72.693,22.217,45.471,2
-0.707,0.557,0.199,-87.280,24.231,47.119,2
-0.742,0.576,0.235,-77.209,26.550,49.133,2
-0.740,0.573,0.249,-54.565,28.625,50.964,2
-0.777,0.566,0.250,-38.818,30.396,52.734,2
-0.795,0.515,0.240,-50.415,31.799,54.138,2
-0.826,0.422,0.184,-160.645,33.997,52.490,2
-0.855,0.473,0.207,-287.537,41.260,47.729,2
-0.840,0.598,0.314,-344.849,54.504,41.992,2
-0.817,0.778,0.478,-310.303,68.054,36.682,2
-0.932,0.885,0.619,-207.581,80.139,32.715,2
-0.935,0.892,0.657,-133.057,88.318,29.602,2
-0.963,0.841,0.644,-132.568,94.849,25.818,2
-0.932,0.863,0.653,-164.795,101.685,20.691,2
-0.926,0.895,0.681,-182.434,110.229,12.207,2
-0.931,0.955,0.734,-158.142,119.934,0.671,2
-0.951,0.966,0.738,-111.328,128.540,-9.338,2
-0.929,0.913,0.698,-94.116,136.780,-18.677,2
-0.939,0.898,0.661,-110.779,143.250,-28.259,2
-0.968,0.912,0.640,-130.249,147.400,-35.889,2
-0.938,0.934,0.644,-128.235,150.940,-44.067,2
-0.932,0.933,0.642,-108.459,153.687,-50.720,2
-0.916,0.930,0.630,-88.013,155.212,-55.481,2
-0.964,0.930,0.630,-70.984,155.212,-59.753,2
-0.962,0.927,0.627,-62.439,155.518,-63.843,2
-1.007,0.919,0.612,-64.575,155.396,-67.566,2
-1.011,0.911,0.599,-75.806,156.494,-71.350,2
-1.004,0.934,0.598,-75.012,157.898,-76.355,2
-1.000,0.948,0.589,-55.481,159.302,-79.712,2
-1.000,0.933,0.566,-36.682,161.133,-82.642,2
-1.002,0.929,0.537,-36.743,162.415,-85.022,2
-0.995,0.931,0.536,-40.405,162.720,-87.341,2
-0.969,0.937,0.546,-37.659,163.269,-89.294,2
-0.938,0.938,0.543,-26.184,163.635,-91.431,2
-0.906,0.922,0.538,-16.418,164.185,-93.262,2
-0.863,0.913,0.526,-12.756,164.734,-94.360,2
-0.819,0.915,0.526,-15.930,164.490,-95.093,2
-0.770,0.926,0.535,-11.292,165.100,-94.849,2
-0.762,0.920,0.537,3.601,166.870,-94.604,2
-0.714,0.881,0.512,14.648,168.823,-94.910,2
-0.685,0.829,0.480,6.958,170.593,-96.497,2
-0.660,0.809,0.455,-7.935,171.753,-98.633,2
-0.635,0.822,0.463,-13.245,172.180,-100.708,2
-0.589,0.828,0.483,-1.831,171.448,-101.562,2
-0.566,0.839,0.505,25.696,171.265,-101.440,2
-0.487,0.828,0.510,49.622,170.410,-99.976,2
-0.449,0.849,0.522,40.222,167.786,-99.365,2
-0.361,0.901,0.555,15.320,164.246,-100.464,2
-0.330,0.976,0.557,4.089,162.292,-103.455,2
-0.247,0.992,0.530,27.832,164.307,-108.093,2
-0.149,0.943,0.487,44.128,168.213,-111.511,2
0.052,0.908,0.459,31.799,169.983,-116.394,2
0.141,0.874,0.443,-4.456,168.396,-124.207,2
0.215,0.875,0.426,-27.222,165.283,-135.681,2
0.216,0.834,0.414,-6.348,162.720,-146.240,2
0.206,0.728,0.340,17.334,161.255,-154.724,2
0.156,0.593,0.262,31.067,162.048,-161.438,2
0.168,0.431,0.147,12.268,164.185,-162.170,2
0.229,0.288,0.060,-43.152,167.297,-161.011,2
-0.283,1.107,-0.026,-99.487,169.678,-152.832,2
0.366,0.150,0.059,-114.136,173.645,-151.917,2
-0.101,-0.164,-0.282,-79.529,177.612,-146.973,2
-0.193,-0.373,-0.401,-51.208,186.279,-138.977,2
-0.326,0.405,-0.521,-56.946,205.444,-117.432,2
-0.752,0.174,-0.565,-79.041,222.656,-102.600,2
-1.090,-0.238,-0.773,-170.044,234.192,-93.750,2
-1.130,-0.177,-0.823,-213.379,232.300,-84.839,2
-1.185,-0.214,-0.889,-113.647,225.220,-63.782,2
-1.169,-0.575,-1.125,-70.618,209.656,-29.724,2
-1.217,-0.661,-1.493,-124.634,183.105,17.334,2
-1.242,-0.687,-1.616,-107.666,151.917,70.862,2
-1.531,-0.780,-1.806,-23.499,109.741,138.184,2
-1.715,-0.848,-1.994,-50.049,64.270,200.623,2
-1.959,-0.810,-1.954,-47.424,9.460,274.475,2
-2.304,-0.645,-2.167,2.319,-62.805,358.826,2
-2.856,-0.532,-2.212,30.457,-143.311,433.716,2
-3.579,-0.234,-2.057,59.998,-234.558,499.695,2
-4.413,0.071,-1.696,151.794,-348.145,557.861,2
-5.482,0.413,-1.515,280.396,-473.083,591.125,2
-6.821,0.621,-1.376,374.329,-621.704,590.149,2
-8.000,0.792,-1.006,402.222,-755.005,551.941,2
-8.000,1.380,-0.201,523.926,-890.076,463.135,2
-8.000,1.897,0.557,753.296,-1003.723,289.795,2
-8.000,1.824,1.607,894.653,-1059.631,59.692,2
-3.253,1.325,-3.274,18.860,-131.348,-15.869,2
-4.767,-6.002,7.778,507.019,-483.459,-67.078,2
-6.500,1.863,7.775,773.865,-655.273,-339.966,2
-5.815,-1.975,6.740,479.980,-549.194,-486.938,2
-5.113,-2.428,8.000,286.194,-406.250,-465.332,2
-4.125,-2.405,8.000,198.669,-267.700,-413.879,2
-3.206,-1.646,5.389,150.085,-168.030,-358.948,2
-2.676,-1.629,4.429,187.622,-81.604,-305.603,2
-2.112,-1.654,3.481,183.899,-12.451,-257.874,2
-1.572,-1.653,2.744,56.213,32.410,-216.797,2
-1.105,-1.353,2.107,-80.566,51.697,-180.847,2
-0.810,-1.000,1.673,-146.606,60.486,-150.635,2
-0.540,-0.718,1.369,-93.872,70.740,-121.216,2
-0.413,-0.623,1.089,-13.062,81.726,-87.219,2
-0.112,-0.462,0.804,35.828,92.224,-56.885,2
-0.064,-0.386,0.491,-18.311,93.506,-35.950,2
-0.103,-0.296,0.453,-116.272,87.219,-19.043,2
-0.165,-0.083,0.370,-208.923,78.369,-7.935,2
-0.189,0.186,0.241,-288.452,67.078,0.488,2
-0.238,0.447,0.298,-220.276,57.861,11.047,2
-0.372,0.590,0.261,-34.363,48.889,25.757,2
-0.387,0.505,0.186,70.923,38.696,38.635,2
-0.269,0.432,0.138,28.748,27.100,46.204,2
-0.259,0.468,0.141,-72.449,17.822,51.331,2
-0.295,0.573,0.158,-154.724,12.756,54.932,2
-0.304,0.674,0.259,-153.137,12.024,55.603,2
-0.350,0.754,0.363,-115.845,10.986,52.551,2
-0.184,0.742,0.381,-99.854,10.925,46.936,2
0.007,0.817,0.445,-124.207,11.658,41.321,2
0.073,0.988,0.482,-81.299,12.451,36.865,2
0.029,1.073,0.447,-7.141,10.803,35.950,2
0.070,1.083,0.323,62.317,8.545,36.926,2
0.073,0.964,0.222,61.401,5.676,36.316,2
-0.030,0.975,0.178,9.277,3.357,32.532,2
-0.184,0.968,0.120,-10.193,2.991,26.611,2
-0.190,0.929,0.083,-7.690,2.930,19.775,2
-0.211,0.948,0.103,1.770,2.014,12.939,2
-0.081,0.916,0.070,1.282,1.404,7.080,2
-0.054,0.857,0.021,-22.278,1.648,2.197,2
-0.029,0.847,0.017,-72.876,3.601,-1.587,2
-0.073,0.902,0.038,-100.220,5.981,-2.258,2
-0.079,0.954,0.082,-100.281,8.789,-0.061,2
-0.008,0.959,0.099,-77.515,11.536,3.479,2
-0.016,0.932,0.091,-63.049,13.550,6.226,2
-0.034,0.900,0.093,-65.979,14.648,8.240,2
-0.043,0.935,0.119,-70.313,14.221,9.949,2
-0.009,0.971,0.154,-50.903,13.123,12.207,2
-0.010,0.962,0.157,-29.053,12.695,13.672,2
-0.055,0.944,0.155,-13.000,12.573,14.404,2
-0.093,0.958,0.133,1.343,13.855,14.587,2
-0.074,0.947,0.105,-5.249,16.846,15.869,2
-0.091,0.940,0.091,-35.461,20.203,17.151,2
-0.072,0.933,0.119,-65.735,24.109,18.677,2
-0.055,0.958,0.170,-64.209,27.222,20.264,2
-0.086,0.999,0.194,-42.419,28.809,22.522,2
-0.138,1.035,0.200,-14.648,28.748,26.001,2
-0.182,1.056,0.187,-0.366,28.015,30.029,2
-0.184,1.013,0.189,-9.888,27.527,32.410,2
-0.149,0.990,0.217,-17.761,27.649,31.616,2
-0.137,1.013,0.258,-9.888,27.771,29.602,2
-0.266,1.040,0.267,12.390,28.748,28.137,2
-0.348,1.018,0.275,28.198,30.212,25.879,2
-0.446,1.023,0.292,34.607,31.738,24.292,2
-0.431,1.012,0.350,15.503,30.884,24.963,2
-0.427,1.020,0.400,-4.089,27.344,26.978,2
-0.417,1.018,0.441,-21.057,22.400,29.053,2
-0.462,1.024,0.455,-21.179,18.188,29.724,2
-0.520,1.086,0.421,5.981,15.930,29.968,2
-0.553,1.050,0.454,48.584,15.747,29.541,2
-0.507,0.995,0.415,52.612,15.320,27.649,2
-0.499,0.953,0.409,19.165,14.587,25.085,2
-0.469,0.986,0.432,-10.010,13.245,22.278,2
-0.440,1.006,0.453,-11.719,11.475,20.874,2
-0.449,1.034,0.475,9.338,8.728,20.813,2
-0.448,1.021,0.463,42.786,6.531,20.630,2
-0.497,0.994,0.423,70.129,5.127,19.470,2
-0.431,0.895,0.424,81.177,3.601,15.747,2
-0.411,0.856,0.392,61.401,1.465,10.193,2
-0.404,0.857,0.401,34.058,-0.732,5.615,2
-0.387,0.872,0.423,19.714,-2.991,2.686,2
-0.361,0.876,0.433,31.067,-4.639,1.953,2
-0.336,0.853,0.419,53.528,-6.348,2.075,2
-0.342,0.812,0.409,85.205,-6.714,2.136,2
-0.352,0.738,0.375,88.318,-6.042,1.038,2
-0.331,0.683,0.362,57.495,-5.432,0.061,2
-0.339,0.674,0.385,19.104,-4.028,-0.854,2
-0.362,0.684,0.416,2.502,-3.296,-0.793,2
-0.396,0.699,0.414,2.380,-2.625,0.916,2
-0.407,0.680,0.396,7.568,-0.732,3.174,2
-0.393,0.639,0.396,-4.761,0.977,5.310,2
-0.355,0.635,0.424,-18.982,1.709,6.836,2
-0.333,0.638,0.443,-31.921,1.526,9.216,2
-0.316,0.654,0.452,-38.513,1.648,11.902,2
-0.302,0.648,0.450,-35.889,2.502,15.625,2
-0.292,0.603,0.469,-42.725,3.723,18.982,2
-0.301,0.601,0.492,-59.631,5.310,22.583,2
-0.354,0.607,0.531,-74.158,7.629,26.550,2
-0.356,0.618,0.575,-93.506,13.550,32.471,2
-0.305,0.652,0.662,-108.765,22.339,38.818,2
-0.416,0.717,0.815,-90.576,30.334,43.396,2
-0.446,0.768,0.921,-47.302,38.696,46.997,2
-0.487,0.781,0.945,-15.808,47.119,49.133,2
-0.520,0.721,0.933,-30.762,57.617,49.438,2
-0.521,0.728,0.930,-88.440,68.970,47.729,2
-0.586,0.814,0.971,-110.901,83.923,44.617,2
-0.620,0.872,1.017,-83.069,98.083,42.542,2
-0.662,0.872,1.027,-40.222,107.727,42.175,2
-0.665,0.813,0.962,-27.100,116.089,42.419,2
-0.676,0.760,0.883,-56.030,124.023,40.405,2
-0.667,0.763,0.824,-89.294,131.836,36.133,2
-0.658,0.787,0.787,-103.149,139.099,30.823,2
-0.650,0.818,0.753,-91.492,144.897,27.344,2
-0.633,0.830,0.721,-68.909,149.780,25.696,2
-0.646,0.809,0.687,-48.035,152.161,26.062,2
-0.686,0.770,0.642,-51.880,152.161,25.146,2
-0.671,0.750,0.593,-73.181,152.039,22.888,2
-0.721,0.785,0.554,-83.069,151.978,19.897,2
-0.723,0.834,0.539,-60.669,153.320,17.639,2
-0.771,0.850,0.515,-35.156,153.687,16.907,2
-0.770,0.843,0.487,-24.658,153.503,16.113,2
-0.793,0.840,0.449,-31.921,153.503,13.672,2
-0.800,0.841,0.445,-43.762,152.771,9.888,2
-0.795,0.863,0.468,-53.223,151.062,5.981,2
-0.753,0.865,0.470,-65.063,148.315,3.540,2
-0.688,0.870,0.470,-79.102,145.752,2.380,2
-0.658,0.891,0.475,-80.139,143.860,1.587,2
-0.655,0.909,0.480,-63.416,142.578,0.916,2
-0.684,0.919,0.483,-38.818,141.357,-0.549,2
-0.705,0.915,0.469,-42.053,139.709,-2.197,2
-0.691,0.929,0.475,-63.293,138.367,-4.395,2
-0.684,0.967,0.483,-67.078,138.428,-6.897,2
-0.665,0.995,0.491,-45.471,140.015,-9.644,2
-0.665,0.992,0.475,-11.536,142.944,-12.390,2
-0.687,0.946,0.434,0.671,145.691,-15.442,2
-0.651,0.904,0.397,-14.648,148.499,-19.653,2
-0.609,0.886,0.384,-45.105,150.635,-25.024,2
-0.618,0.916,0.386,-61.218,151.794,-30.334,2
-0.631,0.960,0.393,-33.691,153.320,-33.752,2
-0.670,0.952,0.374,-3.357,154.602,-35.645,2
-0.681,0.935,0.344,7.263,155.579,-37.048,2
-0.668,0.913,0.323,-3.479,157.104,-38.940,2
-0.668,0.910,0.303,-23.071,158.997,-41.992,2
-0.627,0.927,0.316,-38.513,160.034,-45.471,2
-0.598,0.980,0.348,-30.457,160.278,-48.401,2
-0.580,0.997,0.363,-6.653,160.339,-49.805,2
-0.556,0.981,0.341,5.493,160.034,-50.964,2
-0.512,0.975,0.334,-6.653,159.790,-54.077,2
-0.492,1.038,0.359,-19.165,158.447,-60.242,2
-0.445,1.136,0.406,-15.137,155.945,-67.200,2
-0.416,1.258,0.455,3.113,153.687,-73.303,2
-0.367,1.340,0.454,28.198,152.527,-80.322,2
-0.230,1.366,0.450,35.645,151.611,-87.219,2
-0.084,1.380,0.464,33.447,148.315,-95.032,2
0.009,1.398,0.478,33.142,143.799,-102.722,2
0.043,1.381,0.458,49.133,140.930,-111.145,2
0.063,1.247,0.399,65.796,141.418,-124.146,2
0.139,1.135,0.346,65.247,145.020,-138.672,2
0.145,1.043,0.250,44.556,148.804,-151.245,2
0.264,0.872,0.247,33.325,152.100,-158.081,2
0.242,0.806,0.222,31.189,156.738,-158.020,2
0.208,0.680,0.167,27.466,161.987,-153.320,2
0.107,0.546,0.107,10.864,167.969,-145.508,2
-0.402,0.490,-0.181,-31.372,175.415,-131.348,2
-0.233,0.176,-0.010,-45.837,184.570,-124.023,2
-0.704,0.625,0.072,-65.491,195.618,-118.591,2
-0.645,-0.087,-0.393,-81.238,211.426,-112.122,2
-0.985,0.085,-0.577,-114.258,232.605,-100.281,2
-1.515,0.244,-0.590,-189.026,245.056,-88.135,2
-1.802,0.187,-0.548,-269.775,243.286,-74.524,2
-1.500,0.155,-0.564,-294.983,228.455,-58.655,2
-1.378,0.082,-0.796,-204.285,207.031,-27.527,2
-1.489,-0.203,-1.105,-126.160,174.255,20.996,2
-1.672,-0.521,-1.674,-72.083,136.230,78.125,2
-1.458,-0.634,-1.800,-57.922,66.711,167.603,2
-1.617,-0.822,-1.991,31.616,-11.902,260.803,2
-2.066,-0.789,-2.153,109.924,-100.342,350.586,2
-2.717,-0.558,-2.030,153.870,-213.135,437.622,2
-3.526,-0.375,-1.895,151.123,-335.449,506.714,2
-4.494,-0.006,-1.517,158.142,-450.439,558.350,2
-5.651,0.193,-1.073,226.868,-578.674,592.285,2
-6.922,0.286,-0.534,277.771,-704.407,595.459,2
-8.000,0.347,0.008,384.644,-826.355,561.646,2
-8.000,0.399,0.492,464.478,-931.152,492.187,2
-8.000,0.750,1.161,439.209,-1016.846,396.423,2
-8.000,2.010,2.472,1085.693,-890.808,262.085,2
-4.576,-6.673,-8.000,249.573,-411.133,-83.313,2
-8.000,7.594,-8.000,548.645,-621.826,-51.880,2
-7.930,8.000,-8.000,800.171,-596.130,-170.227,2
-7.440,4.908,-8.000,782.471,-533.875,-289.612,2
-5.539,1.267,-8.000,671.265,-390.869,-366.943,2
-4.753,0.347,-3.471,648.865,-249.878,-388.916,2
-4.028,-0.511,-1.669,526.489,-164.612,-389.038,2
-3.259,-0.324,-0.580,384.705,-67.383,-367.676,2
-2.883,-0.892,2.576,259.949,1.282,-337.830,2
-2.104,-0.945,2.215,174.011,38.574,-308.411,2
-1.521,-1.241,2.011,89.966,69.824,-273.987,2
-1.079,-1.216,1.753,25.574,87.219,-238.586,2
-0.764,-1.050,1.608,-21.667,93.933,-205.261,2
-0.535,-0.990,2.020,-26.733,93.079,-171.753,2
-0.278,-0.780,1.749,-34.302,89.355,-137.634,2
-0.062,-0.605,1.254,5.005,85.449,-104.126,2
0.078,-0.525,1.157,45.837,81.238,-72.449,2
0.155,-0.444,0.864,36.804,75.745,-48.584,2
0.206,-0.287,0.627,-10.071,69.275,-27.527,2
0.060,-0.201,0.617,-84.412,61.218,-11.108,2
-0.176,-0.092,0.883,-102.295,45.288,1.465,2
-0.434,-0.037,1.234,36.682,23.804,13.611,2
-0.213,-0.182,1.039,155.396,2.869,24.475,2
0.051,-0.246,0.706,108.704,-12.329,32.227,2
0.507,-0.102,0.577,40.039,-20.142,43.884,2
0.716,0.091,0.462,21.606,-21.240,58.044,2
0.677,0.209,0.349,11.169,-20.935,72.205,2
0.490,0.394,0.139,-20.264,-19.287,82.947,2
0.167,0.524,0.168,-38.879,-15.381,89.600,2
0.032,0.654,0.146,-30.457,-11.536,89.355,2
-0.116,0.734,0.193,-37.781,-8.301,85.327,2
-0.100,0.760,0.119,-39.307,-3.357,80.322,2
-0.113,0.762,0.142,-46.814,0.916,75.195,2
-0.130,0.758,0.221,-73.975,3.723,71.289,2
-0.115,0.756,0.304,-98.633,4.517,71.167,2
-0.020,0.747,0.408,-90.210,2.563,75.562,2
-0.035,0.732,0.466,-65.430,-3.479,81.543,2
-0.119,0.752,0.515,-29.968,-12.634,88.074,2
-0.134,0.673,0.463,-31.860,-21.973,93.994,2
-0.159,0.612,0.452,-78.186,-27.771,96.619,2
-0.275,0.660,0.467,-115.662,-31.006,98.389,2
-0.351,0.700,0.500,-109.497,-31.616,100.952,2
-0.354,0.712,0.510,-71.106,-31.006,102.966,2
-0.439,0.724,0.502,-40.771,-30.945,104.675,2
-0.565,0.729,0.513,-44.312,-31.616,105.041,2
-0.629,0.739,0.511,-68.420,-31.372,104.553,2
-0.633,0.727,0.504,-92.041,-28.625,104.614,2
-0.578,0.702,0.525,-87.769,-24.109,103.455,2
-0.618,0.700,0.517,-74.585,-19.287,100.830,2
-0.597,0.730,0.525,-56.274,-15.686,96.680,2
-0.657,0.692,0.532,-40.405,-13.672,92.102,2
-0.746,0.764,0.490,-31.555,-13.367,89.600,2
-0.784,0.742,0.463,-34.241,-12.390,86.365,2
-0.655,0.763,0.486,-39.307,-11.230,82.397,2
-0.686,0.755,0.506,-38.330,-10.254,77.759,2
-0.638,0.717,0.481,-35.889,-8.789,73.792,2
-0.653,0.744,0.451,-30.762,-7.202,73.364,2
-0.648,0.764,0.427,-23.621,-5.798,74.341,2
-0.677,0.765,0.406,-28.992,-5.432,76.416,2
-0.642,0.674,0.461,-46.143,-6.226,76.172,2
-0.713,0.671,0.428,-64.880,-7.141,75.439,2
-0.701,0.733,0.479,-63.843,-7.446,74.524,2
-0.757,0.760,0.437,-58.289,-7.446,74.524,2
-0.676,0.790,0.439,-51.208,-5.981,76.050,2
-0.684,0.689,0.412,-74.158,-3.540,77.026,2
-0.659,0.737,0.406,-101.074,0.183,77.454,2
-0.678,0.750,0.483,-116.577,4.272,76.599,2
-0.669,0.732,0.484,-126.709,11.169,76.416,2
-0.628,0.771,0.488,-157.288,18.127,77.942,2
-0.661,0.725,0.512,-179.749,29.968,77.087,2
-0.584,0.765,0.620,-211.426,42.297,77.148,2
-0.678,0.819,0.682,-218.262,54.504,77.026,2
-0.687,0.898,0.730,-194.702,67.322,75.928,2
-0.778,0.923,0.763,-167.358,81.055,73.669,2
-0.844,0.908,0.772,-181.885,95.398,70.068,2
-0.944,0.933,0.753,-215.271,110.413,63.110,2
-0.927,0.975,0.792,-235.901,124.634,54.321,2
-0.948,1.018,0.771,-234.009,138.245,40.344,2
-1.107,1.028,0.708,-244.446,150.757,23.193,2
-1.057,1.047,0.664,-236.511,160.400,7.141,2
-1.063,1.015,0.637,-225.159,168.823,-9.094,2
-1.106,0.980,0.612,-218.262,175.415,-23.499,2
-1.160,0.916,0.572,-216.125,179.626,-36.011,2
-1.107,0.902,0.531,-210.327,181.274,-47.607,2
-1.154,0.892,0.556,-182.861,181.335,-58.350,2
-1.188,0.863,0.555,-151.917,180.847,-66.040,2
-1.148,0.830,0.562,-146.790,179.199,-70.679,2
-1.177,0.839,0.595,-151.184,176.331,-74.707,2
-1.194,0.871,0.625,-152.527,173.645,-78.735,2
-1.240,0.928,0.676,-131.775,172.363,-83.008,2
-1.262,0.949,0.719,-103.210,172.241,-86.914,2
-1.270,0.953,0.751,-75.439,173.950,-91.187,2
-1.342,0.930,0.767,-57.373,176.758,-96.863,2
-1.333,0.895,0.768,-61.035,179.687,-104.126,2
-1.318,0.874,0.768,-66.162,182.556,-111.877,2
-1.326,0.870,0.759,-65.613,184.387,-119.934,2
-1.316,0.891,0.750,-45.776,185.730,-127.686,2
-1.316,0.913,0.740,-6.287,186.157,-132.141,2
-1.352,0.891,0.709,36.682,188.110,-134.583,2
-1.229,0.830,0.654,67.566,191.833,-133.850,2
-1.162,0.753,0.588,73.242,196.472,-130.981,2
-1.082,0.705,0.521,55.969,200.684,-127.625,2
-1.024,0.691,0.468,27.222,202.881,-125.610,2
-0.978,0.690,0.441,2.686,204.163,-125.671,2
-0.892,0.695,0.448,-1.343,204.346,-126.648,2
-0.824,0.697,0.467,9.827,202.026,-127.197,2
-0.726,0.703,0.482,20.386,198.853,-127.380,2
-0.645,0.713,0.496,8.667,194.824,-128.113,2
-0.557,0.764,0.519,-41.687,188.293,-131.470,2
-0.423,0.933,0.618,-46.082,181.519,-135.803,2
-0.401,1.061,0.671,25.085,176.208,-136.108,2
-0.313,1.005,0.633,101.807,174.744,-133.789,2
-0.301,0.865,0.526,104.187,175.110,-133.545,2
-0.205,0.759,0.452,57.861,175.598,-136.597,2
-0.085,0.716,0.432,3.296,173.523,-141.479,2
-0.032,0.706,0.394,-5.005,170.715,-145.325,2
0.025,0.594,0.290,11.780,169.678,-147.461,2
0.036,0.377,0.169,23.376,172.119,-148.560,2
0.033,0.276,-0.009,7.874,177.612,-149.048,2
-0.428,2.015,0.816,-12.024,181.519,-141.296,2
0.229,-0.740,-0.340,28.076,187.622,-145.996,2
-0.366,0.005,-0.286,-13.123,198.791,-147.400,2
-0.134,0.426,-0.178,-75.317,210.876,-140.503,2
-0.180,0.197,-0.327,-76.904,223.267,-130.859,2
-0.543,0.291,-0.396,-90.698,236.877,-114.258,2
-1.020,0.237,-0.410,-115.967,246.704,-94.116,2
-1.091,0.138,-0.459,-97.473,252.808,-73.364,2
-1.239,0.038,-0.836,-57.495,256.042,-52.979,2
-1.208,-0.342,-0.897,-81.482,250.732,-24.109,2
-1.367,-0.400,-1.179,-162.048,235.535,10.498,2
-1.670,-0.469,-1.382,-195.801,212.341,53.345,2
-1.865,-0.638,-1.559,-131.409,179.626,114.258,2
-2.078,-0.772,-1.874,-68.115,134.644,190.552,2
-2.540,-0.761,-2.243,-22.827,72.571,273.437,2
-2.606,-0.756,-2.180,-19.165,-0.061,353.394,2
-2.727,-0.830,-2.049,17.700,-98.816,445.923,2
-3.173,-0.795,-1.980,113.403,-219.116,535.828,2
-4.099,-0.573,-1.678,297.546,-370.422,608.459,2
-5.437,-0.382,-1.386,395.630,-545.471,642.029,2
-6.998,-0.148,-0.971,446.472,-716.919,635.254,2
-7.999,0.040,-0.548,477.234,-866.272,589.783,2
-8.000,0.408,0.057,503.235,-992.187,516.052,2
-8.000,0.924,0.866,580.688,-1087.585,417.358,2
-8.000,1.655,1.472,749.451,-1160.950,270.630,2
-7.089,-4.915,5.167,-690.613,-1079.895,310.913,2
-7.551,4.425,2.294,1091.919,-977.539,309.692,2
-7.496,1.636,7.624,1350.098,-937.988,-10.986,2
-7.920,-0.255,8.000,853.516,-810.913,-253.479,2
-7.698,-0.902,8.000,573.059,-642.822,-362.915,2
-6.333,-0.639,8.000,489.075,-503.357,-404.724,2
-4.876,-0.866,5.796,543.945,-371.033,-419.739,2
-3.612,-1.010,4.219,498.474,-245.178,-417.847,2
-3.060,-1.107,2.981,389.404,-146.790,-401.428,2
-2.566,-1.060,2.193,204.346,-82.092,-379.150,2
-2.094,-0.825,1.832,127.869,-39.001,-346.191,2
-1.554,-0.930,1.575,117.798,-3.662,-307.983,2
-1.192,-0.895,1.123,93.018,22.949,-268.127,2
-0.693,-0.862,1.055,91.614,44.189,-228.088,2
-0.357,-0.773,0.835,51.025,54.321,-191.040,2
-0.566,-0.632,1.151,15.320,50.415,-150.940,2
-1.555,-0.485,1.398,45.715,39.917,-110.840,2
-1.641,-0.487,1.312,106.018,33.203,-72.571,2
-0.819,-0.715,0.958,37.781,34.180,-43.884,2
-0.162,-0.571,0.863,13.855,36.987,-14.221,2
0.154,-0.487,0.618,59.204,42.297,11.841,2
0.485,-0.508,0.338,38.208,49.927,35.217,2
0.589,-0.453,0.209,-67.017,55.786,54.626,2
0.424,-0.200,0.273,-112.366,59.387,68.054,2
0.249,-0.054,0.297,-103.882,62.317,77.576,2
0.128,0.029,0.272,-92.529,64.575,85.449,2
0.106,0.116,0.294,-113.892,64.331,92.407,2
0.064,0.250,0.351,-146.729,62.317,101.318,2
0.009,0.351,0.369,-152.527,59.998,111.145,2
-0.058,0.435,0.359,-97.534,59.143,120.666,2
-0.066,0.433,0.396,-51.147,56.396,129.578,2
-0.160,0.461,0.443,-48.218,50.720,136.047,2
-0.269,0.603,0.467,-61.218,44.983,143.066,2
-0.283,0.574,0.423,-65.918,42.419,147.827,2
-0.335,0.512,0.451,-35.156,40.894,151.917,2
-0.402,0.585,0.479,-14.709,39.429,153.259,2
-0.390,0.585,0.420,-29.541,38.940,152.527,2
-0.329,0.576,0.437,-58.289,38.879,151.794,2
-0.505,0.575,0.396,-87.097,40.710,150.879,2
-0.591,0.720,0.447,-101.501,42.847,151.917,2
-0.675,0.834,0.475,-103.271,44.617,151.245,2
-0.687,0.828,0.495,-70.984,46.753,149.719,2
-0.795,0.776,0.462,-22.217,47.363,150.146,2
-0.801,0.985,0.475,2.014,46.631,147.461,2
-0.784,1.008,0.514,-25.635,46.204,142.090,2
-0.861,1.029,0.482,-74.707,48.584,136.108,2
-0.745,1.036,0.546,-77.148,52.368,128.662,2
-0.860,1.105,0.528,-39.307,55.237,121.338,2
-0.881,1.116,0.498,13.977,56.641,115.356,2
-0.819,1.034,0.449,46.997,56.335,110.413,2
-0.792,0.919,0.382,29.480,55.786,105.957,2
-0.808,0.854,0.352,1.343,55.908,99.915,2
-0.834,0.813,0.338,-15.442,56.091,93.872,2
-0.787,0.779,0.290,-14.587,56.152,88.501,2
-0.827,0.661,0.346,-15.015,55.420,85.693,2
-0.707,0.732,0.274,-23.743,54.199,85.022,2
-0.899,0.688,0.211,-49.622,53.223,84.412,2
-0.940,0.568,0.185,-67.139,52.795,83.740,2
-0.867,0.502,0.202,-60.791,52.856,82.031,2
-0.924,0.533,0.203,-44.678,52.856,80.139,2
-0.862,0.517,0.207,-37.964,52.917,76.904,2
-0.861,0.537,0.189,-74.280,51.941,77.637,2
-0.951,0.531,0.176,-102.234,53.162,76.233,2
-0.832,0.590,0.192,-88.928,54.810,75.073,2
-0.851,0.556,0.224,-73.120,55.176,72.571,2
-0.834,0.542,0.228,-66.895,54.626,70.679,2
-0.844,0.563,0.239,-67.932,54.871,68.604,2
-0.877,0.573,0.227,-72.144,56.152,66.040,2
-0.922,0.571,0.233,-83.191,58.105,63.660,2
-0.919,0.593,0.230,-100.647,60.913,61.157,2
-0.882,0.613,0.238,-109.680,64.392,59.387,2
-0.860,0.619,0.249,-106.506,68.237,57.434,2
-0.818,0.629,0.257,-99.304,71.594,56.030,2
-0.803,0.620,0.256,-97.046,74.402,55.054,2
-0.775,0.621,0.250,-97.351,77.026,53.894,2
-0.771,0.610,0.238,-93.018,79.590,52.124,2
-0.781,0.594,0.220,-93.323,80.688,49.622,2
-0.777,0.589,0.198,-104.431,80.322,47.058,2
-0.791,0.589,0.191,-119.873,78.186,44.983,2
-0.769,0.609,0.188,-124.207,74.524,43.091,2
-0.736,0.633,0.183,-112.854,70.679,42.664,2
-0.712,0.629,0.181,-91.370,66.406,42.480,2
-0.727,0.623,0.159,-71.350,61.646,42.664,2
-0.790,0.605,0.151,-53.894,55.847,42.603,2
-0.860,0.580,0.138,-41.199,49.561,41.199,2
-0.851,0.564,0.130,-23.193,44.128,39.673,2
-0.728,0.555,0.124,1.770,40.344,39.368,2
-0.704,0.524,0.101,20.203,37.842,39.612,2
-0.719,0.486,0.078,19.104,36.133,38.940,2
-0.725,0.456,0.066,-2.319,34.363,37.415,2
-0.689,0.462,0.072,-34.607,33.142,35.950,2
-0.657,0.505,0.075,-57.739,32.288,34.729,2
-0.656,0.539,0.092,-60.669,30.151,32.898,2
-0.761,0.563,0.115,-36.743,25.085,28.198,2
-0.863,0.554,0.095,-20.325,16.113,21.729,2
-0.921,0.532,0.070,-46.692,7.080,17.334,2
-0.911,0.504,0.045,-92.407,0.793,15.320,2
-0.844,0.558,0.111,-117.981,-4.272,16.174,2
-0.727,0.589,0.148,-57.922,-7.324,19.531,2
-0.652,0.573,0.132,1.282,-10.315,25.635,2
-0.676,0.559,0.041,21.484,-12.573,33.691,2
-0.617,0.528,-0.041,3.052,-13.672,41.199,2
-0.552,0.477,-0.083,-50.842,-16.724,45.715,2
-0.574,0.525,-0.082,-94.116,-19.592,48.950,2
-0.615,0.615,-0.056,-95.276,-23.865,52.917,2
-0.667,0.676,0.004,-51.208,-30.640,54.016,2
-0.757,0.612,-0.003,-9.399,-37.903,50.049,2
-0.864,0.570,-0.014,-26.550,-48.096,44.250,2
-0.884,0.603,0.004,-74.768,-57.556,39.551,2
-0.945,0.658,0.025,-82.581,-65.369,36.072,2
-1.039,0.672,0.036,-73.303,-71.411,33.569,2
-1.122,0.650,0.038,-66.223,-75.500,30.518,2
-1.305,0.639,0.039,-63.843,-78.125,27.466,2
-1.468,0.624,0.052,-56.519,-80.688,24.292,2
-1.458,0.610,0.059,-62.805,-83.740,24.048,2
-1.373,0.590,0.034,-91.248,-87.097,27.527,2
-1.194,0.590,0.023,-124.207,-88.135,33.447,2
-0.959,0.596,0.049,-128.723,-86.731,39.917,2
-0.780,0.623,0.098,-84.656,-83.496,44.861,2
-0.677,0.645,0.116,15.747,-78.796,46.692,2
-0.625,0.583,0.049,111.572,-72.571,45.105,2
-0.651,0.497,-0.038,130.188,-66.101,41.443,2
-0.768,0.448,-0.113,91.797,-59.021,38.879,2
-0.878,0.419,-0.103,28.503,-51.575,34.912,2
-0.854,0.419,-0.032,-7.996,-46.021,29.175,2
-0.791,0.432,0.031,11.536,-41.138,20.874,2
-0.857,0.438,0.022,53.894,-36.255,11.963,2
-0.919,0.385,-0.035,72.815,-30.823,4.272,2
-0.948,0.313,-0.073,48.218,-25.146,-2.319,2
-0.859,0.282,-0.075,-1.465,-20.386,-6.531,2
-0.805,0.308,-0.037,-37.170,-16.785,-7.446,2
-0.777,0.418,-0.029,-45.410,-12.085,-2.991,2
-0.765,0.482,-0.034,-34.058,-6.226,5.310,2
-0.794,0.498,-0.025,-30.579,-1.160,14.587,2
-0.784,0.467,-0.024,-43.457,1.221,22.522,2
-0.798,0.421,-0.034,-110.107,0.061,26.306,2
-0.786,0.512,-0.045,-203.430,-1.587,28.748,2
-0.666,0.643,-0.104,-223.572,3.174,32.776,2
